{ "frames": {
   "1 0.aseprite": {
    "frame": { "x": 0, "y": 0, "w": 64, "h": 32 },
    "rotated": false,
    "trimmed": false,
    "spriteSourceSize": { "x": 0, "y": 0, "w": 64, "h": 32 },
    "sourceSize": { "w": 64, "h": 32 },
    "duration": 100
   },
   "1 1.aseprite": {
    "frame": { "x": 64, "y": 0, "w": 64, "h": 32 },
    "rotated": false,
    "trimmed": false,
    "spriteSourceSize": { "x": 0, "y": 0, "w": 64, "h": 32 },
    "sourceSize": { "w": 64, "h": 32 },
    "duration": 100
   },
   "1 2.aseprite": {
    "frame": { "x": 128, "y": 0, "w": 64, "h": 32 },
    "rotated": false,
    "trimmed": false,
    "spriteSourceSize": { "x": 0, "y": 0, "w": 64, "h": 32 },
    "sourceSize": { "w": 64, "h": 32 },
    "duration": 100
   },
   "1 3.aseprite": {
    "frame": { "x": 192, "y": 0, "w": 64, "h": 32 },
    "rotated": false,
    "trimmed": false,
    "spriteSourceSize": { "x": 0, "y": 0, "w": 64, "h": 32 },
    "sourceSize": { "w": 64, "h": 32 },
    "duration": 100
   }
 },
 "meta": {
  "app": "https://www.aseprite.org/",
  "version": "1.3.13-x64",
  "image": "1.png",
  "format": "RGBA8888",
  "size": { "w": 256, "h": 32 },
  "scale": "1",
  "frameTags": [
  ],
  "layers": [
   { "name": "Lavafall", "opacity": 255, "blendMode": "normal" }
  ],
  "slices": [
  ]
 }
}
