{ "frames": {
   "Lava Stream 0.aseprite": {
    "frame": { "x": 0, "y": 0, "w": 32, "h": 64 },
    "rotated": false,
    "trimmed": false,
    "spriteSourceSize": { "x": 0, "y": 0, "w": 32, "h": 64 },
    "sourceSize": { "w": 32, "h": 64 },
    "duration": 100
   },
   "Lava Stream 1.aseprite": {
    "frame": { "x": 32, "y": 0, "w": 32, "h": 64 },
    "rotated": false,
    "trimmed": false,
    "spriteSourceSize": { "x": 0, "y": 0, "w": 32, "h": 64 },
    "sourceSize": { "w": 32, "h": 64 },
    "duration": 100
   },
   "Lava Stream 2.aseprite": {
    "frame": { "x": 64, "y": 0, "w": 32, "h": 64 },
    "rotated": false,
    "trimmed": false,
    "spriteSourceSize": { "x": 0, "y": 0, "w": 32, "h": 64 },
    "sourceSize": { "w": 32, "h": 64 },
    "duration": 100
   },
   "Lava Stream 3.aseprite": {
    "frame": { "x": 96, "y": 0, "w": 32, "h": 64 },
    "rotated": false,
    "trimmed": false,
    "spriteSourceSize": { "x": 0, "y": 0, "w": 32, "h": 64 },
    "sourceSize": { "w": 32, "h": 64 },
    "duration": 100
   }
 },
 "meta": {
  "app": "https://www.aseprite.org/",
  "version": "1.3.7-x64",
  "image": "Lava Stream.png",
  "format": "RGBA8888",
  "size": { "w": 128, "h": 64 },
  "scale": "1",
  "frameTags": [
  ],
  "layers": [
   { "name": "Layer 2", "opacity": 255, "blendMode": "normal" },
   { "name": "Layer 3 Copy Copy", "opacity": 255, "blendMode": "normal" }
  ],
  "slices": [
  ]
 }
}
